0.0339389877919,0.0193665457986,220890,0.433601251951,1,0.0333538851106,0.0453247215168,0.0389461804133,0.183371814025,0.571388201237,0,-1.0,968
0.0350907962638,0.0178362291728,211932,0.302520357544,1,0.0182588275621,0.0284570672365,0.01856952026,0.172564784931,0.845628577048,0,-1.0,960
0.0780230658737,0.0346564382186,181104,0.411120861364,6,0.076566214304,0.0835844222994,0.0824105191109,0.216991341991,1.31270815705,0,-1.0,806
0.0699381236165,0.0268633083549,187938,0.235335937015,1,0.0804033298729,0.0804709000694,0.0858943410183,0.149804722834,1.3023669812,0,-1.0,826
0.0783556806453,0.0251058288138,168354,0.203027865375,4,0.0682731815558,0.0711663853829,0.0774341999288,0.119011131307,1.56868696962,0,-1.0,763
0.0555131805851,0.0212785101017,161934,0.374390433024,1,0.0881302906348,0.100738893492,0.102272009312,0.213815505082,0.625756041133,0,-1.0,709
0.0634932488099,0.0261381854398,167634,0.58886114065,3,0.0902845425884,0.109677574425,0.101533732724,0.164477373325,0.400122329092,0,-1.0,721
0.0746557857308,0.0208111282528,174636,0.182065192636,2,0.0507367300299,0.0517178894755,0.0547675424005,0.107245928675,1.41912540561,0,-1.0,798
0.0692476385106,0.022848191178,213189,0.162782012364,5,0.057953889938,0.0629075925181,0.066376678154,0.0892166106131,1.47672786486,0,-1.0,952
0.0657944111995,0.0227516236735,197064,0.102571621378,3,0.0403064119646,0.0391105533865,0.0426553290112,0.0595593309788,0.752812533951,0,-1.0,862
0.0621376187246,0.0204849250214,163881,0.231551002253,1,0.0531115382023,0.0610350801448,0.0603232971475,0.134426809697,0.672805450094,0,-1.0,733
0.0713817079386,0.0238798769733,198000,0.211552462237,1,0.0551527723653,0.0620992297653,0.0613129887825,0.128232323232,1.00672072431,0,-1.0,858
0.0715442447384,0.0254080535064,186465,0.198179807501,1,0.0483931121573,0.0550637369118,0.054702873603,0.103161451211,0.937307395113,0,-1.0,823
0.0628386547743,0.024176743575,176268,0.228434684682,1,0.0682709712606,0.0755544577265,0.0772230604593,0.155223863662,0.991568568349,0,-1.0,779
0.0742460440617,0.0232459189658,152865,0.212370044219,1,0.0768248381282,0.0867936953857,0.0842615090466,0.194158244202,1.27500704243,0,-1.0,679
0.0608342044163,0.0226692493015,195324,0.252032568391,1,0.0841520746335,0.0938554152656,0.0923797147945,0.212406053532,1.27570920767,0,-1.0,888
0.0239120246121,0.0124787613969,201096,0.375544225269,1,0.037584390838,0.0443219095356,0.0411062873501,0.313158889287,0.832534852338,0,-1.0,895
0.0975431594517,0.0333435416266,158802,0.358678184281,1,0.0610545426589,0.0661895901346,0.0644880783407,0.162749839423,1.11552544519,0,-1.0,658
0.0755294107306,0.0203182864915,191268,0.371679888634,1,0.0477502544854,0.054215457877,0.0536775094471,0.192044670306,1.56392540128,0,-1.0,849
0.0801935577225,0.0252079864834,161160,0.321590393663,1,0.065697839343,0.0739780407415,0.0725475616291,0.212354182179,1.10811444376,0,-1.0,713
0.0351934307651,0.0173980180629,204510,0.236091695462,1,0.0297223710143,0.0338092630074,0.0330537476727,0.160857659772,0.967132491374,0,-1.0,908
0.0218381862563,0.00960841250287,237795,0.158089787684,1,0.00803923989054,0.00913655650999,0.00901751355945,0.152467461469,0.0762439170241,0,-1.0,1068
0.0386782183935,0.0163867375585,194886,0.211210770863,2,0.0363276279607,0.0493920260705,0.0463867992272,0.183620167688,0.864992889619,0,-1.0,846
0.0411350257748,0.0145426867671,188400,0.306989765237,1,0.0480034717235,0.0619947313745,0.0616183855979,0.110483014862,0.440140758079,0,-1.0,808
0.069084120537,0.029347491844,149733,0.273644243965,1,0.0601227694039,0.0641375154939,0.0637198652325,0.186725705088,1.7596901508,0,-1.0,666
0.0715710490596,0.0312064871534,212784,0.18657808887,1,0.0369110339453,0.0369495408134,0.0375072166929,0.0672982931047,1.61359456654,0,-1.0,959
0.0432483059873,0.0216110153087,189600,0.226303356594,1,0.0787831108849,0.0826554048759,0.0835512646958,0.196687763713,1.37482664433,0,-1.0,836
0.0580341464304,0.0266329370559,208560,0.341993853977,1,0.0543301233017,0.0638691624685,0.0626953875698,0.236023206751,0.648258000576,0,-1.0,907
0.0458848213498,0.0217021459292,194340,0.496220850518,1,0.0935992774583,0.110789479351,0.113423000378,0.261773181023,0.176552930653,0,-1.0,875
0.0356919184731,0.0139874554222,233436,0.108920240606,1,0.0429663070717,0.0418661394981,0.0430529783158,0.0865761921897,0.946530184451,0,-1.0,1057
0.0233206309111,0.0130213661318,277704,0.538740492075,1,0.0374683491027,0.0417766685684,0.0428521773919,0.205200501253,0.26822037617,0,-1.0,1257
0.0565801117914,0.0291444496877,260820,0.0726307615724,1,0.0300724169951,0.0207654833793,0.022852400449,0.0235526416686,1.93728152593,0,-1.0,1179
0.0454375110423,0.0217581288782,294030,0.0706923897019,1,0.0280624665035,0.0223573897547,0.0240197955993,0.0334455667789,1.30578306157,0,-1.0,1324
0.0295564675564,0.01455091961,217008,0.229319828685,1,0.0179938983992,0.0222031586063,0.0207734039681,0.0805269851803,0.27138547402,0,-1.0,977
0.0208395819889,0.0106050033827,249000,0.177810984366,1,0.011836581949,0.0119291039176,0.0126626681185,0.0958714859438,0.171285872144,0,-1.0,1081
0.0807962457073,0.0381004359811,214920,0.165183463928,2,0.0588106161791,0.0621634083219,0.0614566993723,0.120202866183,2.23635131904,0,-1.0,976
0.0582475919898,0.0286158391064,151296,0.264781579209,1,0.0868399891074,0.0892798418174,0.0940752714077,0.166567523266,0.883323084605,0,-1.0,661
0.0435308012575,0.0183902385517,168270,0.328907636252,1,0.0563970610733,0.0728714545828,0.0681169904366,0.171004932549,0.736183485532,0,-1.0,764
0.0323794381273,0.0108870823744,199980,0.108915423875,1,0.0123278165945,0.0132013811081,0.0128830213024,0.0490749074907,0.948618918321,0,-1.0,868
0.0523470311229,0.019846444086,201279,0.221176036747,1,0.0551001256026,0.0620374467166,0.0596330289895,0.142086357742,1.85696067363,0,-1.0,906
0.0648947018049,0.0206915908226,175380,0.285000467462,1,0.0762031894441,0.0832757999341,0.0807729709123,0.159066028053,0.523407027626,0,-1.0,772
0.0761501245289,0.0232213254713,207363,0.0715868001114,2,0.0298057008224,0.0295093792953,0.029791778129,0.0262824129666,0.752043891021,0,-1.0,904
0.0601464543684,0.0182378427166,148500,0.237923588775,1,0.0590025597096,0.0713470068663,0.0657743283467,0.185555555556,1.54846509532,0,-1.0,650
0.0520529984791,0.022645777955,233688,0.120103084187,1,0.0299460594571,0.0294253954616,0.0316014470821,0.0327744685221,1.24459561209,0,-1.0,983
0.0656883663988,0.0221718584386,237510,0.159405268526,7,0.0314891681738,0.0297388103531,0.0317248021106,0.0327059913267,1.28998659407,0,-1.0,1031
0.0721322890864,0.0289571998998,199200,0.214957963299,3,0.0787938877358,0.0821068427032,0.0858196171398,0.125235943775,2.46139051617,0,-1.0,889
0.0807790701555,0.0283170455411,186987,0.297525336792,4,0.0514464809669,0.0583435429148,0.0564285486726,0.110777754603,1.40545324956,0,-1.0,832
0.0349024078397,0.0149938569926,172458,0.25822870682,1,0.0272976303871,0.0315217040703,0.030261919759,0.0803905878533,0.62211486488,0,-1.0,761
0.0803667943143,0.0269231768624,184605,0.178693437182,5,0.0458994663786,0.0527994234995,0.0506691758093,0.0984155358739,1.6856592452,0,-1.0,819
0.0698605733436,0.0168092269547,204510,0.248868700442,1,0.0436460400434,0.0508308481081,0.0470499454508,0.0661239059215,0.833259950334,0,-1.0,903
0.0576327859718,0.0175201008791,143385,0.284947942344,1,0.0368359052037,0.0415067525176,0.0401177690958,0.123171879904,1.42393914371,0,-1.0,624
0.0750668648375,0.0253584927556,213840,0.227721280358,3,0.0436179726023,0.0496503297792,0.0473848160218,0.110344182566,1.9256900856,0,-1.0,965
0.025570390771,0.0118370408101,218700,0.125168105464,1,0.014970823968,0.0146284295737,0.0148773397993,0.109250114312,0.771270964223,0,-1.0,966
0.0182721760939,0.00817854344438,247038,0.122772479744,1,0.00723736082272,0.00605659422201,0.00627126239126,0.100769922036,0.152382736015,0,-1.0,1060
0.118648721554,0.0473216557074,176688,0.154560531854,7,0.0283586445522,0.0278608435095,0.0263150575438,0.0225199221226,2.22076525234,0,-1.0,790
0.0285546058616,0.0145404359295,204120,0.344745792634,1,0.0338838478695,0.0385736268794,0.0392147381637,0.127552420145,0.839712891126,0,-1.0,910
0.0593646108129,0.0217561367184,208032,0.294112458668,5,0.0413165349862,0.0463754462796,0.0449652836203,0.124173204122,1.73985205746,0,-1.0,955
0.0698169677739,0.0289996743374,208464,0.10015430806,4,0.0238029443651,0.0247778491092,0.0232612162412,0.0387117200092,1.61510943058,0,-1.0,888
0.0651130729148,0.0267276202981,209610,0.141956778846,1,0.0203082495336,0.0288784738242,0.0229201590396,0.0372262773723,0.843314086381,0,-1.0,901
0.0482285842835,0.0206075004151,207144,0.237403280005,1,0.0201144319361,0.0239809497235,0.0235038072779,0.0407108098714,1.34974425985,0,-1.0,912
0.0938571285831,0.0567173962478,212931,0.211248123711,1,0.0428917358298,0.0477937079655,0.0461592090642,0.0627151518567,1.78944973029,0,-1.0,961
0.074486727469,0.0278691686988,231288,0.140007200727,2,0.0305081827905,0.0321198178864,0.0325837768569,0.0519784856975,1.19153378454,0,-1.0,998
0.0704606516708,0.0313048986558,192639,0.0430349212307,3,0.033878222117,0.031918799055,0.0318146632852,0.0270817435722,1.17025745134,0,70.7402239422,817
0.0515103280201,0.023267102054,210195,0.160788052944,2,0.030236608503,0.0391755004411,0.0354258595165,0.114855253455,0.627022707725,0,-1.0,925
0.0428389557592,0.0200339664762,183768,0.185671199483,1,0.049098706709,0.0595725430285,0.0587195619777,0.156790083148,0.91829563154,0,-1.0,841
0.0302794868776,0.0146828963779,206040,0.277897949957,1,0.0386823812269,0.0441107488116,0.0451059952633,0.147650941565,0.640023491263,0,-1.0,904
0.0342108184848,0.0163165271756,205005,0.311117014386,1,0.055266834911,0.063615659481,0.0610984810874,0.225770103168,1.03113091893,0,-1.0,911
0.0213651030734,0.0113954060245,289044,0.162447167694,0,0.00815186479229,0.0122028593587,0.00853985646014,0.0894500491275,0.252998068467,0,118.267665131,1260
0.0468509640466,0.0176801992805,194040,0.694515879218,1,0.0515101939725,0.0563750416279,0.0520899910601,0.230380333952,0.451402326035,0,-1.0,855
0.0557138576462,0.0214811236453,175032,0.411239133126,1,0.06536316685,0.0551973519773,0.0587630452251,0.152543534896,1.25137482737,0,-1.0,760
0.0626835691728,0.0296162951772,190080,0.172785454832,1,0.0792966759924,0.0781319560578,0.0720637756611,0.149310816498,0.474842324638,0,-1.0,855
0.0666730656731,0.0298180580545,213108,0.161947947751,5,0.0442840096782,0.0465583370421,0.0509261193789,0.0360709124012,1.32807526441,0,-1.0,927
0.0549659568678,0.0279135224693,229320,0.210995228626,6,0.0482594722634,0.0553637113777,0.0610708984813,0.0815105529391,0.0372356840551,0,129.548809524,995
0.0474025314512,0.0206057429695,185058,0.271837913155,2,0.0467713936601,0.0606851540659,0.0640216054923,0.0678111727134,0.129560384434,0,-1.0,806
0.0608562613725,0.0311377957349,217008,0.13523816506,3,0.0260375677829,0.0258787372429,0.0265106378666,0.0451688417017,0.121995679003,0,-1.0,946
0.0723932250026,0.035724569483,183924,0.316772886662,2,0.0880893376273,0.084697909907,0.0829644704808,0.178840173115,1.7394047428,0,55.5724049064,851
0.0338671481576,0.0182284522338,264096,0.273081097883,1,0.124013101764,0.0893636122303,0.0955267981021,0.257020174482,1.58878351535,0,121.146310433,1210
0.0726026827393,0.0330295945151,201411,0.243262159889,1,0.0534580213278,0.0443882877361,0.0490993149293,0.0789629166232,1.90965410296,0,129.980815348,873
0.0598741326442,0.0268582225783,251400,0.165074794459,3,0.0615686630537,0.0620753733074,0.0561253666291,0.0782696897375,1.1172000227,0,45.6880190931,1102
0.0547748166274,0.0200589413296,164715,0.374646746146,1,0.0778714751401,0.0572247949912,0.056105194662,0.152135506784,1.0665011129,0,89.1522083599,734
0.0478699825598,0.0202516446694,201096,0.289128602384,2,0.102557085809,0.071264929663,0.078135857143,0.23365954569,0.129049404073,0,-1.0,889
0.0493993069086,0.0179830136146,175536,0.462097867042,1,0.0578929363567,0.0594715141328,0.0593737560068,0.0512829277185,0.746204661405,0,98.4868061252,769
0.0369292736209,0.0152518774609,199320,0.352481661514,1,0.0557052453146,0.0937068027753,0.042809607698,0.0533764800321,0.675190940148,0,47.5311559302,845
0.0757858631855,0.0316452325264,228627,0.439082521599,2,0.049786759243,0.05215245692,0.0490598032766,0.150288461118,0.609381924462,0,64.0254169455,1035
0.0328577005614,0.0156402546347,573534,0.405358355521,1,0.056428732884,0.0457263106917,0.0492973193046,0.096679534256,0.323980765003,0,-1.0,2471
0.0416860571683,0.0155015858448,336156,0.109044009409,7,0.0204223309772,0.0176761166744,0.0163322942159,0.0534930210973,0.0,0,67.5356887873,1465
0.0360990790023,0.0158659273722,175671,0.269977257545,1,0.0374412321196,0.0214446104066,0.0197586896556,0.145191864337,1.03334308833,0,-1.0,778
0.0721826206581,0.0434106536777,401568,0.327275321257,3,0.0856650348705,0.0638800785597,0.0665147282598,0.190844389991,0.0,0,87.9320837318,1834
0.0340138831243,0.0191124567151,279888,0.250923986723,1,0.0840697285748,0.0712685908041,0.0771315935499,0.217426256217,0.214177242136,0,-1.0,1281
0.0316074214668,0.0153316749945,263874,0.214142285106,1,0.0586313174782,0.0383236754824,0.0394645568472,0.166556765729,0.0807317598939,0,-1.0,1161
0.0373520598153,0.0169103894396,198288,0.194305111536,1,0.0264394112139,0.0240219565156,0.0198878461826,0.0474864843057,0.542879626149,0,-1.0,891
0.0350207708976,0.0175215343147,217152,0.131251413511,4,0.0169340726952,0.0168571105782,0.0161547100679,0.0435593501326,0.566350656378,0,-1.0,946
0.0348057524319,0.0160832475822,206640,0.13246139807,1,0.0231963844363,0.0185099237119,0.0172814175359,0.04856271777,0.532945532963,0,-1.0,883
0.0345881117851,0.0166037058003,192510,0.11507516319,3,0.013846496861,0.0158518304168,0.00965218258075,0.0374733780063,0.663191589712,0,-1.0,858
0.0408287012033,0.0197837667957,212940,0.141992637995,1,0.0203405796827,0.0194302059551,0.0171176749712,0.0375035221189,0.718778239262,0,-1.0,923
0.0717438753053,0.0309704231497,185592,0.156498221413,1,0.0418457271344,0.0472394650891,0.0433441772697,0.0724115263589,2.02126739011,0,-1.0,832
0.0387978303174,0.0197467365355,201720,0.148179620344,1,0.0125754217285,0.0150952522361,0.00510417770842,0.0306860995439,0.953397338665,0,-1.0,884
0.0543289296333,0.0245077542493,149172,0.181270953804,1,0.0487743064034,0.0543104916443,0.0523213049096,0.124936315126,1.29721095838,0,-1.0,649
0.0620236838337,0.0311825420819,156000,0.189319348609,1,0.0617473470946,0.0645782367111,0.0654206496087,0.142032051282,1.46984938376,0,-1.0,670
0.0797517712913,0.0365254022587,229896,0.128011145702,7,0.0223523455834,0.02570805606,0.0188998653277,0.03478529422,0.55838335982,0,-1.0,974
0.0586885675767,0.0256885668982,217854,0.145220715723,3,0.0461670502753,0.0506466790187,0.0471704377799,0.0892753862679,0.889801166129,0,-1.0,964
0.0432522402828,0.0203535851875,187200,0.182292280723,1,0.0327879741802,0.0267646006263,0.025159419273,0.0853205128205,1.04539177269,0,-1.0,850
0.0438996681124,0.0223824615694,213312,0.199779668063,1,0.0283924063357,0.0248984918373,0.0249856614339,0.0473437968797,1.21079807133,0,-1.0,958
0.0415197078792,0.0199717828937,198030,0.129177845097,1,0.0249534398895,0.0215872138376,0.0207518323904,0.0415038125537,1.01700074818,0,116.892682927,834
0.0487416897411,0.0215405905623,169302,0.159914201245,1,0.0256415978826,0.0251400695493,0.023394713062,0.0352328974259,1.29076474935,0,-1.0,733
0.0432668100963,0.0176621557685,140940,0.218377472409,1,0.0235020486389,0.0210298456467,0.0198298122978,0.046949056336,1.20764777116,0,-1.0,598
0.0362331062811,0.0174187289825,206640,0.232840072152,1,0.0282292548255,0.0314410832628,0.0288017562213,0.0328735965931,0.750900792542,0,-1.0,856
0.0407419097596,0.0178881479052,195093,0.281967838221,1,0.0298695906557,0.0314386227442,0.0300888736267,0.043779120727,0.54398192836,0,113.317033415,893
0.0371279885609,0.0171292890559,192816,0.199730563374,1,0.0219633623223,0.0249551474021,0.0180468183078,0.0380518214256,0.432195289677,0,-1.0,832
0.0368553239055,0.018069006897,187272,0.373178072721,1,0.0259001210291,0.0415980065346,0.0189241695544,0.0426652142338,1.08085445805,0,-1.0,838
0.0644901423879,0.0229162490755,167634,0.31252463317,1,0.024570331918,0.0285108657305,0.0259097151398,0.0630063113688,1.50601644043,0,-1.0,733
0.0691833763321,0.0288303684388,202905,0.156686470988,2,0.0432053120219,0.0498719577264,0.0445774021953,0.0728321135507,2.56411852951,0,-1.0,899
0.0334500427618,0.0152526023868,198996,0.105970398838,3,0.0100469891457,0.0201498494848,0.00857069351351,0.0519658686607,0.363023550415,0,-1.0,868
0.0354841780238,0.0183825185638,195465,0.107766527939,1,0.0147115460731,0.0212442532946,0.0103699448945,0.0457012764434,0.982476956595,0,-1.0,833
0.0372808870648,0.0175275263408,185952,0.0776399915928,5,0.00926640091493,0.0126812974097,0.00505360929724,0.0527770607469,0.347152534661,0,-1.0,793
0.0340215129398,0.0160133700593,189882,0.0801506153098,4,0.00836444041779,0.0127617948977,0.00488726412575,0.0574988677178,0.323548608166,0,110.071776156,815
0.0263081821568,0.0124567479977,198288,0.0734219157981,1,0.0084174250456,0.0134783773168,0.00579574672199,0.104822278706,0.178999618322,0,-1.0,864
0.0302333856451,0.0126026586362,212790,0.0666417998602,1,0.00656083764479,0.0118744759546,0.00177530769648,0.113623760515,0.74825880975,0,-1.0,898
0.036259880776,0.0172692347114,227151,0.12681995717,2,0.0158161997798,0.0167512479301,0.0137719118816,0.0415318444559,0.466039401114,0,-1.0,967
0.0779889756191,0.0276127074198,184518,0.244339828238,3,0.044949165042,0.0475018687482,0.0454150240776,0.10929557008,1.82423683081,0,-1.0,833
0.0848657593476,0.0315843595671,189540,0.158762097259,2,0.0307582955423,0.0294880268497,0.0275431351823,0.0391896169674,2.14775273646,0,-1.0,866
0.0927297030083,0.0319318846186,210405,0.148648078258,4,0.0302067975083,0.0309579130829,0.0294378917796,0.0288348660916,0.856441545233,0,-1.0,902
0.0763910288883,0.0244089720363,166455,0.210209440352,3,0.0450709344007,0.0489495484619,0.0477338808714,0.109711333393,1.11871248449,0,-1.0,716
0.0886214732676,0.0334514824028,186264,0.247710114385,7,0.062296889262,0.0650325241783,0.0635854632649,0.135501224069,1.73773800384,0,-1.0,844
0.0758654086422,0.0241418650135,191022,0.164078804344,2,0.028921263184,0.0274651468339,0.0269284805133,0.0462145721435,1.19558823008,0,-1.0,834
0.0350921894487,0.0166671191206,196212,0.491997525412,1,0.0391373471805,0.0474063325886,0.0416782223491,0.136699080586,0.795443482,0,-1.0,893
0.0318867072513,0.0158518796438,258084,0.425650229328,1,0.0234407993037,0.0303300837903,0.0272858814327,0.0487283210118,0.415686249733,0,-1.0,1127
0.0323981973437,0.0149553715351,212625,0.328133660322,1,0.0294566638813,0.0363650491854,0.0322522393757,0.0651522633745,0.691007409793,0,-1.0,929
0.0718344941144,0.0315472307074,207432,0.119681081856,5,0.0385491156012,0.0393457154597,0.0372335295842,0.0494909175055,1.67154860314,0,-1.0,919
0.0618376756103,0.0291913005097,180708,0.131333731303,7,0.0511103898182,0.0551196363318,0.054141671469,0.0727969984727,2.39806937723,0,74.6462414503,769
0.0567201318157,0.024734768101,152478,0.182395796496,5,0.0697045650396,0.0708758430776,0.0722733019391,0.145168483322,1.52755841259,0,-1.0,692
0.0469449920986,0.0186799731848,215136,0.109005695094,3,0.0225599017179,0.0319957209403,0.0265619883593,0.0346153131043,0.680852892208,0,-1.0,899
0.0545661329937,0.0236676310071,206550,0.149167791538,1,0.0331984354111,0.0412308270316,0.0366793770657,0.0643621399177,1.50915446677,0,-1.0,946
0.0595046748245,0.0285584453849,197316,0.0978773150241,9,0.0305459131494,0.0375869625349,0.0337859256643,0.0412384195909,0.875648735133,0,-1.0,872
0.05870163625,0.0268039985827,201894,0.14756401414,4,0.0316391616819,0.0364951522034,0.0353020008887,0.044463926615,1.14191970395,0,113.509569378,872
0.0481640518811,0.023668631852,178650,0.225335491383,1,0.078544322389,0.0796873536609,0.081110783562,0.194514413658,1.40647919146,0,-1.0,813
0.031291925548,0.0157014806747,264216,0.149044477244,1,0.0246129438223,0.0162239170365,0.0174387881299,0.0658173615527,0.833476073083,0,-1.0,1204
0.04624319248,0.0203671011516,230112,0.0900452318502,3,0.0258479948515,0.0405140462959,0.0339214962141,0.0446956264775,0.350264335489,0,-1.0,1026
0.0588766578533,0.0223371670209,151638,0.177801925825,2,0.0521109625833,0.0580186320503,0.0562895449635,0.127184478825,0.657218006375,0,-1.0,661
0.0632101625021,0.0322510416875,157986,0.162612713011,3,0.0616966359459,0.0712758856456,0.0701567547241,0.0881090729558,1.36457108229,0,-1.0,687
0.0533214591209,0.0254215023071,220248,0.160280788126,3,0.0508429709696,0.0623775772191,0.0578094655387,0.109576477425,0.752550549713,0,-1.0,1018
0.0569594285036,0.0268954433508,171252,0.175238029225,1,0.0456373859248,0.0550157738138,0.053514046843,0.0889449466284,1.1419254348,0,-1.0,766
0.0464791903949,0.0184311874901,247233,0.0697896676481,6,0.0268548050645,0.0332354519878,0.0302815945462,0.0604814082262,0.194815282506,0,-1.0,1066
0.0566359628141,0.0253913089717,183918,0.11248802724,1,0.036411278125,0.0455630892656,0.0429755375166,0.0510879848628,0.660953428194,0,-1.0,834
0.0530544765911,0.0242959784267,232596,0.129137921179,3,0.0326885518713,0.0405901015024,0.0380773598814,0.0332034944711,0.477612912709,0,-1.0,1010
0.0270241138299,0.0125120482481,207168,0.153429557171,2,0.0116345818705,0.00972173207823,0.00721837746014,0.0474349320358,0.506990558016,0,-1.0,915
0.0576261716913,0.0256735870267,249549,0.143401478852,1,0.0339606188364,0.0447268731138,0.0417134736674,0.0327270395794,0.472232128716,0,-1.0,1089
0.0502430774422,0.0189234543467,201468,0.106853154699,6,0.0326590170753,0.0409382872939,0.0356712195819,0.082181785693,0.0759243092,0,-1.0,859
0.0563439487709,0.0287331971987,214668,0.15448373435,2,0.0451132831297,0.0558492495534,0.0518902992495,0.0921702349675,0.717772120413,0,-1.0,950
0.0545713653626,0.0258037174315,170469,0.133010658818,1,0.0433213809661,0.0529388139323,0.0479294486265,0.0755621256651,1.24613096142,0,-1.0,741
0.0489276957936,0.0181288194438,173745,0.136360641987,2,0.0340082647957,0.0473877902764,0.039573535217,0.0689343578232,0.717527043709,0,-1.0,766
0.0490234005554,0.0196156777252,185136,0.195452855705,1,0.0472265558322,0.0531710580672,0.0500985294351,0.112619911849,1.22157444966,0,-1.0,795
0.0298680322153,0.0129853554686,216204,0.0687695532546,5,0.00767044532194,0.0101575186734,0.00266703638322,0.0479130820891,0.412268995035,0,-1.0,925
0.0276611591008,0.0148193396747,239202,0.0559742150082,1,0.00789756147466,0.00892129306937,0.00241993378654,0.0728589225843,0.893219998162,0,-1.0,1036
0.0296658338083,0.0127223859802,246561,0.121786903837,1,0.0189774543462,0.0229138405889,0.012816650549,0.0524738300056,0.252952533942,0,-1.0,1082
0.0378122174678,0.020550730623,186000,0.25814820872,1,0.0402711369834,0.0391981312661,0.0330687433967,0.127639784946,1.22465366516,0,-1.0,830
0.0777335433481,0.0293879051908,174870,0.0938842192496,3,0.0408242865694,0.041499929394,0.0404744102299,0.059930233888,2.11323214117,0,-1.0,760
0.107035706364,0.0361359008059,168885,0.202165560004,1,0.0418749644749,0.041827532961,0.0395180031619,0.0417029339491,2.1845387639,0,-1.0,740
0.087362027617,0.0347286145595,180708,0.114733704133,4,0.0449819309692,0.0400020933933,0.0387081571065,0.0400037629767,1.35506115531,0,-1.0,815
0.0939625851479,0.0349867699131,169623,0.20620537986,1,0.0578215842659,0.0588731168777,0.0583215665215,0.114312327927,1.32101011734,0,-1.0,758
0.0850908654324,0.0359653373867,196089,0.146440497603,6,0.0605867964144,0.0633604041749,0.0614536110866,0.0987918751179,2.01540467499,0,-1.0,864
0.0809944878668,0.0271060502017,158802,0.161527614228,1,0.0482551746776,0.0505828064784,0.0484863466957,0.0906222843541,1.3074203908,0,-1.0,696
0.0793855872716,0.0278933199938,176256,0.073416516897,12,0.031098463381,0.0283719712367,0.0291975051036,0.0304443536674,1.76016781032,0,-1.0,742
0.0377455631098,0.0180564529031,189108,0.192774544807,1,0.0264494016264,0.0245168763869,0.0135010578128,0.0655868604184,0.977998379412,0,-1.0,827
0.0990158418503,0.0367185271247,184338,0.1573548044,17,0.0555622532537,0.0518282530069,0.0504471819749,0.0788551465243,0.84755606631,0,-1.0,820
0.0848670451928,0.0380344661147,162810,0.12522153647,8,0.0597905047548,0.0593239717797,0.0575893737305,0.0908666543824,2.21303052453,0,-1.0,722
0.100271692557,0.0434396319954,209157,0.222607436838,3,0.0664990145616,0.0727268176552,0.0678782203369,0.113871398041,1.98752621565,0,-1.0,948
0.0947740576703,0.0335214996613,165453,0.231088896192,5,0.0413370336131,0.0440880159954,0.0400410773586,0.0310722682575,1.53617559471,0,-1.0,682
0.0755051985317,0.0286757806247,167508,0.26468263507,2,0.0693817711545,0.0716977069586,0.0732750874391,0.154846335697,2.62518584509,0,-1.0,732
0.0361297244501,0.0171150221044,209817,0.374425543021,1,0.0363381754244,0.0496702137961,0.0407917064493,0.0338485442076,0.684913292509,0,-1.0,949
0.0544025622245,0.0265850962307,166860,0.212291526866,3,0.0300962051836,0.0382508584675,0.0335078972565,0.0410943305765,1.03593836963,0,-1.0,733
0.0447251356178,0.0207291702328,174528,0.253923206152,1,0.0280937831785,0.0288083977143,0.0287154681928,0.0850522552255,1.20322974487,0,-1.0,773
0.0376788079511,0.0192601177039,176952,0.184404099451,1,0.0254294125839,0.027420048338,0.0265494406548,0.0904595596546,1.56889185442,0,-1.0,774
0.0348242584893,0.0175983855591,191697,0.162544331727,1,0.0183697347002,0.018952932748,0.0184160474986,0.0564380245909,0.787795645651,0,-1.0,828
0.0238137701045,0.0124898727252,242310,0.207092991452,1,0.0192967870017,0.020247710248,0.0196090081581,0.0886797903512,0.898545057148,0,-1.0,1065
0.0492976009478,0.0213092358774,210888,0.162564438646,1,0.0390161270723,0.0469929995188,0.0408043932913,0.0662484351883,1.35541445435,0,-1.0,902
0.0829696668831,0.0408084376724,218940,0.0539676024646,6,0.0218985030549,0.0198470632087,0.0198326023406,0.0254590298712,1.54875956761,0,-1.0,951
0.0558442155902,0.0268789462468,215172,0.188793510522,3,0.0476806357935,0.0643803626462,0.060447685303,0.026787872028,0.586601533663,0,-1.0,967
0.0300031786952,0.0150995152669,179376,0.296938412202,1,0.0380417117805,0.0468759662002,0.0422331962764,0.0694017036839,0.914310141581,0,-1.0,797
0.0362139446375,0.0154790154965,157608,0.369879488333,1,0.0369947564266,0.0415000444488,0.0384560374108,0.10734226689,0.48042428509,0,-1.0,705
0.0425740804979,0.0183530795591,221025,0.228566199255,1,0.0473068059261,0.066380384501,0.0572479695132,0.0426693812917,0.792244266504,0,-1.0,988
0.0415232311914,0.0193779866418,190074,0.19122025743,1,0.0279076704997,0.0370542753364,0.0342207510831,0.0916906047118,0.738035648617,0,-1.0,851
0.0436541604787,0.0207804330953,172800,0.143966608031,1,0.0484748216442,0.050253206404,0.0510020753097,0.15119212963,1.42037801416,0,-1.0,744
0.0404231464594,0.0174882810018,211932,0.12114309515,1,0.0352285503574,0.0382330430422,0.0373894213807,0.105179963384,0.741663122851,0,-1.0,939
0.0405343797145,0.0172588952958,190152,0.0653311127352,4,0.0207524046728,0.0241021163903,0.0217417936973,0.0838434515545,0.1051094055,0,-1.0,831
0.0800655915699,0.0222848226686,186186,0.176880604017,4,0.0510317094255,0.0503703192667,0.0516861171076,0.0982243562889,1.64783131731,0,-1.0,803
0.0708666937328,0.0234518444278,191226,0.142933652945,1,0.0569912529616,0.0559741356335,0.0542696545493,0.104305899825,1.37596429991,0,-1.0,842
0.0749116121943,0.0241588806446,162405,0.193575856297,1,0.0518170454554,0.0602569459034,0.0565667609656,0.093420769065,1.31989639192,0,-1.0,725
0.0699885606788,0.0264531005087,218406,0.0747203917661,3,0.0251448802752,0.0321936805806,0.0267109847814,0.0289506698534,0.596220407283,0,153.926925084,984
0.0744596965493,0.0256387772005,173316,0.178789465534,4,0.0433288242707,0.0430256574817,0.0430762762062,0.0655392462323,1.34480386674,0,-1.0,759
0.0257158746451,0.0137294950686,273426,0.163119201659,1,0.0270625714198,0.0231785352156,0.0254254547482,0.113804100561,0.909981563362,0,-1.0,1249
0.0654979147325,0.0212006841298,189600,0.137708740177,4,0.0608164358919,0.0633824672101,0.0607668907052,0.115184599156,1.38975249706,0,-1.0,867
0.0826959562559,0.0236920456741,135261,0.202097071067,1,0.0580944710491,0.0657018101829,0.0647864028519,0.120078958458,2.25534190315,0,-1.0,587
0.0708079964223,0.0237144271762,191277,0.163362060156,1,0.0371852273385,0.0405135875151,0.0378223042824,0.0880189463448,1.88653248781,0,-1.0,873
0.0792415348644,0.0244853927957,189108,0.157863674822,6,0.0432707911238,0.0476283503936,0.0436143943742,0.0721175201472,1.08698073852,0,-1.0,836
0.0902909929569,0.0304201381303,162408,0.134359394752,6,0.0404317990792,0.0452375527535,0.0398251178356,0.0482057534112,1.17253993644,0,-1.0,678
0.0925302335521,0.0328932856453,167160,0.203788581104,6,0.0695586244717,0.0732686229509,0.0719950956977,0.0974814548935,2.43620583056,0,162.618467337,725
0.0688401129855,0.0241089188244,164424,0.114530524915,5,0.0426397909863,0.0480354145311,0.0432797900605,0.0577287987155,0.89947449244,0,-1.0,718
0.0706377012928,0.0272826432543,193428,0.141399278191,2,0.0665102111583,0.0677204001449,0.0671566354871,0.102425708791,1.97261647448,0,-1.0,862
0.0249672465599,0.0119769216546,278520,0.106996137391,5,0.00807543107968,0.00637553022084,0.00550895018388,0.0532600890421,0.334341563514,0,-1.0,1201
0.0676909793745,0.025987719793,184059,0.200127095304,1,0.0642988936253,0.0657402985079,0.0652526774641,0.122292308445,1.55684157808,0,-1.0,783
0.0248571102868,0.0118911989279,232944,0.131410430917,3,0.00457014106703,0.0106372565762,0.00500914373569,0.0449507177691,0.388235270977,0,-1.0,997
0.029065884511,0.0156867247866,177723,0.155774951267,1,0.0329668744266,0.0289808878911,0.0279775009267,0.153930554852,1.29545566437,0,-1.0,764
0.0376502810228,0.0183456151358,179550,0.197316951373,1,0.0367197267705,0.0382219488054,0.0289888612136,0.121063770537,1.25562542802,0,-1.0,798
0.0316757075024,0.0161237681059,173460,0.122692022246,1,0.0205372725172,0.023201782791,0.0166076981944,0.0690649141012,1.00925601073,0,-1.0,749
0.0321092395938,0.0157979555853,208278,0.144021059274,1,0.0151132223267,0.0218336989422,0.0154032687311,0.0618308222664,0.928112563995,0,-1.0,931
0.0367882383831,0.017446187286,185277,0.193023988336,1,0.0303459958571,0.027954890999,0.0252647693753,0.0536925792192,0.883823282793,0,-1.0,791
0.0322090242814,0.0169870527141,205020,0.167533051149,1,0.0256395707539,0.0297114558287,0.0200327586607,0.0772705101941,0.937318424478,0,-1.0,920
0.0284677015316,0.016605066073,267759,0.212510470577,1,0.0147570199443,0.0158579856464,0.0107138239714,0.0696895342453,0.892485443333,0,-1.0,1193
0.0331215216236,0.0171706848626,199980,0.0794774862202,1,0.0285357813289,0.0230340366818,0.0201255574307,0.0698669866987,1.00967134635,0,-1.0,889
0.0239363422858,0.0121607018675,163530,0.113256711539,1,0.0536073413012,0.0413880131355,0.0398367657567,0.195346419617,0.760152932569,0,-1.0,725
0.0322378213271,0.016559072833,185136,0.100340380163,1,0.0176697836905,0.0159230331336,0.0122261442702,0.0902687753867,0.78361292529,0,-1.0,817
0.0432100712364,0.0217563414765,159201,0.195317985346,1,0.0514202459069,0.0366418275685,0.0371574239636,0.165105746823,1.3623537359,0,-1.0,700
0.0350768419312,0.0142504519832,178893,0.0933342376209,3,0.0182533998309,0.0134697396549,0.0118528826848,0.0857160425506,0.225822731638,0,-1.0,764
0.0528732686582,0.0192475237247,214725,0.205498257573,1,0.027189319233,0.0237487139613,0.0248095677217,0.0369728722785,0.424026641393,0,-1.0,934
0.0762056881619,0.0314526757192,215424,0.140011094196,1,0.0359252250604,0.0354064309371,0.0362125487097,0.0319370172311,1.27238703626,0,-1.0,928
0.0793543166973,0.0265443068634,182106,0.253010313565,1,0.0537973925224,0.0561609842137,0.0616487626203,0.126635036737,2.14602424914,0,-1.0,801
0.0861960382776,0.0327626684885,194880,0.378822366153,1,0.0504075257412,0.0427834178106,0.045398714367,0.128617610837,1.89361910282,0,-1.0,868
0.0645827152249,0.0199281768329,211923,0.333050299472,1,0.0255334520016,0.0277080271919,0.0261972080779,0.0313415721748,1.24873561184,0,-1.0,914
0.0907733981867,0.0255252076591,178044,0.26238268412,1,0.041332696003,0.0462989188054,0.0458668463796,0.0706005257127,1.83294858564,0,-1.0,796
0.0852415391533,0.0208757000109,195570,0.326345646731,1,0.0396821761339,0.0410815440596,0.0406050625715,0.0295086158409,1.36381482067,0,-1.0,866
0.0736112152676,0.0227392247467,189882,0.202796677397,1,0.0363172485198,0.044531453303,0.0420707904875,0.052732749813,1.44897403128,0,-1.0,818
0.0613002738254,0.0234254860112,159558,0.234994741584,1,0.0459053700569,0.0541091028108,0.0509495494067,0.0817571039998,1.5686571657,0,-1.0,699
0.0730400570772,0.0241516485714,140049,0.233839529735,1,0.0532855104608,0.0597212183581,0.0581734685141,0.089111668059,1.92837964197,0,-1.0,605
0.0602940510925,0.0247515862266,190284,0.217766111688,1,0.0496722681956,0.062787440686,0.0573245665943,0.0889827836287,1.43241795384,0,-1.0,834
0.0586449303078,0.0180133350667,175824,0.323144987976,1,0.0341998507764,0.043907378388,0.0398685312739,0.12674037674,0.896811711252,0,-1.0,773
0.0674510375483,0.0207728419069,185277,0.403727456884,1,0.0185018740915,0.0270136689078,0.0191412367192,0.0611570783206,1.26643874804,0,-1.0,815
0.0587270798479,0.0230631215436,216948,0.256435014181,4,0.0264160238878,0.0308915547958,0.0283270285487,0.0577742131755,1.03700542839,0,-1.0,945
0.0685725543804,0.0286302669188,207570,0.204059616095,11,0.0391124728544,0.0443165862413,0.0421330881885,0.0602351014116,1.60697208686,0,-1.0,918
0.0301080620202,0.0127559418146,280581,0.217119221344,1,0.00912515886964,0.0100927164853,0.00947975390158,0.0485884646501,0.274952924788,0,-1.0,1195
0.0420025887102,0.0228613347204,297648,0.18779301393,1,0.0160753319165,0.0200280653165,0.0185721773544,0.0320445627049,0.777534861949,0,-1.0,1320
0.0449245872946,0.0201783205234,263304,0.169054622044,5,0.0289977743656,0.0333574977643,0.032115118047,0.0378194026676,0.52610113878,0,-1.0,1198
0.0675142000433,0.0256644661651,163578,0.237922819723,10,0.0270864902965,0.0303878601815,0.0285988948302,0.0835320153077,1.18004032182,0,-1.0,727
0.0615662322501,0.0186555840187,147084,0.191596041659,2,0.0172089267256,0.0169509100876,0.0147286884191,0.0291466101004,1.01016856724,0,-1.0,624
0.0745995458588,0.0229417144791,185952,0.188447898949,4,0.0387386417303,0.0407857256429,0.0392348363297,0.0824890294269,1.34856793726,0,-1.0,793
0.0696790158181,0.0204347062011,158730,0.15523098507,1,0.0169039770889,0.0202010882339,0.0180171713154,0.0305739305739,1.47796394414,0,-1.0,693
0.0821951016573,0.0257280202664,188448,0.135369953704,6,0.025118167977,0.0296881846974,0.0263991400134,0.0308626252335,1.42672129267,0,-1.0,812
0.0657562325261,0.0224386394566,201720,0.130364723198,3,0.0212851457791,0.0248858674844,0.0217615775443,0.0316131271069,1.48968635644,0,-1.0,878
0.0738582710019,0.0229505674048,188034,0.163888376736,1,0.0291983736848,0.031164692832,0.029638915065,0.0416786325877,1.95938469122,0,-1.0,809
0.0797875988044,0.0272312879429,199962,0.119034065192,4,0.0225728769123,0.0306158144601,0.0182900650284,0.0295506146168,1.15742699198,0,-1.0,888
0.0745206404637,0.0252120096317,242820,0.169965662194,2,0.0256806022792,0.0268162125124,0.0250013816081,0.0296268841117,0.814026671585,0,-1.0,1051
0.0604709178349,0.019364751008,186930,0.551341618523,1,0.0440964174167,0.0446926048788,0.0462847765305,0.116904723693,1.51951520355,0,-1.0,831
0.050868197728,0.0151696929244,193155,0.237397183177,1,0.0298202351238,0.0375965550613,0.0365534477977,0.116657606585,1.29215208844,0,-1.0,905
0.0662166703399,0.0174948962725,204624,0.311275746218,1,0.023631566806,0.0270087009873,0.0266998766501,0.0576471968098,1.20503679092,0,-1.0,906
0.0569132213811,0.0140920521581,151578,0.356948417315,1,0.0192720019289,0.0223928743008,0.0244633789255,0.0958318489491,1.27679286507,0,-1.0,634
0.0472437710093,0.0178851163681,209391,0.362633199116,1,0.0406582317038,0.049580750754,0.0423858104134,0.121862926296,0.981165823871,0,-1.0,914
0.0838705907309,0.0322569751752,149172,0.243874373901,4,0.039906892699,0.0414584800191,0.0390717647207,0.126639047542,2.11123065795,0,-1.0,656
0.0903350119407,0.0346310127876,137295,0.25672901496,2,0.0415621456841,0.0441271705236,0.0413805740217,0.107411049201,1.51136703671,0,-1.0,593
0.0778149724227,0.0299698609447,191496,0.177696388526,7,0.0412471299803,0.0423207747041,0.0390368530492,0.0832393365919,1.84399087908,0,-1.0,834
0.086191268945,0.0310685191673,145080,0.249838902008,2,0.0433776298312,0.0443181835776,0.0415229259803,0.121126275159,1.83368516128,0,-1.0,631
0.0750591134768,0.028840524932,181929,0.233334085013,1,0.0262429920499,0.027179319209,0.0234974970359,0.104925547879,0.671054893628,0,-1.0,802
0.0823259357641,0.0304194429368,146727,0.23519695969,1,0.0246202699184,0.0259103462251,0.0225767296175,0.102714565145,0.616259577444,0,-1.0,636
0.0914680956003,0.0320470593024,136080,0.210796386049,1,0.0261559683206,0.0293784344352,0.0240498504522,0.0726410934744,3.21575474467,0,-1.0,579
0.0612514132283,0.0269414541777,224541,0.215879151488,2,0.0413465470846,0.0436371732617,0.04070608935,0.148912670737,0.576573761418,0,-1.0,968
0.0657068137046,0.0362488984063,231699,0.232190934791,7,0.0315257151805,0.0350972389809,0.0328234108629,0.0427321654388,0.944051768041,0,-1.0,962
0.082555011714,0.0298542661042,123600,0.292045753754,1,0.0430102528351,0.0449274223009,0.0423545058217,0.189190938511,1.79089650409,0,-1.0,519
0.0813077515246,0.031409334429,169326,0.24555677941,3,0.032455032206,0.0347021080379,0.0310600435014,0.0987798684195,2.14235184749,0,-1.0,724
0.0749179333094,0.0294619946115,155448,0.220973373298,1,0.0181489949639,0.0203418661062,0.0160608109304,0.0682736349133,1.11010159577,0,-1.0,686
0.0707673186317,0.0248835829328,151638,0.266539198317,2,0.0365092621555,0.037436560346,0.0346108631791,0.126544797478,1.45339730218,0,-1.0,653
0.0756306914685,0.0287209521118,170553,0.254449898666,2,0.0341771705578,0.0353372407011,0.0325258252861,0.133336851301,0.631685079387,0,-1.0,736
0.0647242652737,0.0245531559963,174324,0.297827376524,2,0.0332998733596,0.0345408259344,0.0312342481797,0.172632569239,0.56466742999,0,-1.0,770
0.0719413661149,0.0283344907038,177915,0.205983203786,3,0.0241411356647,0.0255964296455,0.0223136385477,0.101430458365,0.524916873926,0,-1.0,761
0.0728486930505,0.0283039248542,165240,0.267879062598,2,0.0202570146052,0.0241998170002,0.0188663471189,0.100205761317,1.05664156525,0,-1.0,727
0.08312004221,0.0313533234999,156735,0.263360220223,2,0.030856351054,0.0328064427807,0.0297276033859,0.103646281941,0.562092907673,0,-1.0,669
0.0770540875165,0.0285430860753,143280,0.285543410592,1,0.0361480121033,0.0379038214699,0.0342058422125,0.11571747627,2.12274354313,0,-1.0,633
0.0717177823721,0.0300230579624,184224,0.302542747197,1,0.029202999752,0.0307828060501,0.0265880354861,0.144427436165,1.15732308094,0,-1.0,808
0.0813894976713,0.0316031810758,149172,0.244280447192,4,0.0324215524445,0.0327325055914,0.0292458970416,0.105596224493,2.44516460526,0,-1.0,641
0.0748939270401,0.0315674970391,189255,0.249816714509,1,0.0285536802799,0.0308662155111,0.0273722351211,0.111141053077,1.60105721908,0,-1.0,824
0.0285473099317,0.013672333707,158730,0.494227791726,1,0.0271617356972,0.0344814885338,0.0314361950906,0.0589113589114,0.680909371179,0,-1.0,679
0.0317979467453,0.0149767961169,187272,0.365024150024,1,0.0397552175433,0.0601215975882,0.0479253003464,0.0968110555769,0.168604695833,0,-1.0,806
0.065853817421,0.0156063453549,150060,0.277710915359,1,0.0270665628826,0.0421313270766,0.0325716432167,0.0585565773691,0.13817058,0,-1.0,619
0.0315274587611,0.0168510153759,317205,0.415823747184,1,0.0351586844926,0.0298580049326,0.0281948704312,0.113620529311,0.0759541131198,0,-1.0,1466
0.039921496272,0.012640949664,230040,0.0699971391066,2,0.0208453366871,0.0296003358999,0.0260211063213,0.0345852895149,0.579738404225,0,-1.0,1017
0.0528715281338,0.0178593111116,141453,0.0901919605048,3,0.0332187650534,0.0407052092944,0.0386317006255,0.0603309933335,1.18940233684,0,-1.0,583
0.0786068984576,0.031055383665,209475,0.236747356129,1,0.0582302601907,0.0505649483541,0.0532426448239,0.135400405776,1.48915677828,0,-1.0,948
0.0733854179689,0.0323190297133,165549,0.130923297605,6,0.057789014337,0.0560689216391,0.055777890006,0.093289600058,1.46072820568,0,-1.0,721
0.0805085917653,0.0295968652216,189600,0.199110312507,5,0.0741054129786,0.0771525120039,0.0789564652892,0.15114978903,1.16668934222,0,-1.0,859
0.0762029167742,0.0328125392306,176175,0.147244383883,2,0.0613786542786,0.0668915979688,0.0651157712955,0.108448985384,2.01775722834,0,-1.0,766
0.0563470386717,0.0218894602834,215460,0.116123805915,4,0.0600978195092,0.0602950254994,0.0620637607958,0.116012252854,1.94883134472,0,133.510902256,943
0.0579384155023,0.0211418095126,161595,0.15112588178,1,0.0425618535946,0.0465962497667,0.0431302872591,0.0623843559516,1.56513168408,0,-1.0,703
0.0614729293781,0.0206123312479,199746,0.0565906803946,5,0.0188686664274,0.0205817687292,0.019890229456,0.0355151041823,1.71005018995,0,-1.0,855
0.0438586894612,0.0158199588127,171252,0.0683019045308,1,0.0343327104557,0.0371030361879,0.0366547843961,0.0783231728681,1.35183055236,0,-1.0,767
0.0926191300894,0.0387014641997,172530,0.154801574606,10,0.0638698963685,0.0649629023549,0.0648039848678,0.102938619371,1.83530975413,0,-1.0,742
0.058031575025,0.0161729176281,159120,0.0399578692977,2,0.00994750851125,0.0103181820686,0.0105135318892,0.0306058320764,0.871347791201,0,-1.0,701
0.0772167328382,0.0328438828641,169680,0.0736510862084,4,0.0344999014236,0.0348291739861,0.033988213528,0.0441713814239,1.34483570064,0,125.714374116,759
0.106517384051,0.0492028743465,182484,0.0840157416221,7,0.0287526341091,0.0310079207073,0.0298371636059,0.0322548826198,0.87849092803,0,128.010948905,777
0.0763981830462,0.0303296458163,215904,0.0936195197286,3,0.0391683154843,0.0405350823229,0.0403322112092,0.0319030680302,0.831843978503,0,168.779388061,920
0.0692699552596,0.033836232479,186354,0.105103604342,3,0.0347060465373,0.042926049204,0.0398247239793,0.0494757289889,1.29825067213,0,-1.0,837
0.0440048717714,0.024160516427,200772,0.184840277891,2,0.0771945459644,0.0670924559596,0.0701823234042,0.185583647122,1.73473015862,0,-1.0,901
0.050587757204,0.0240930878413,189420,0.0992249703668,6,0.0514324036509,0.0461296145253,0.0477585769974,0.105015309893,1.00381216413,0,-1.0,829
0.0451689849578,0.0197096967728,245376,0.0846753327569,3,0.0229248746771,0.0194574291975,0.0202658057755,0.0363238458529,0.521077622333,0,-1.0,1045
0.0413724283776,0.0206867695323,179580,0.133065956933,2,0.07504341557,0.0697751138394,0.0726706927068,0.161693952556,1.01093920545,0,143.481707317,771
0.045934935636,0.0222542611936,195216,0.175592862149,2,0.0764811349586,0.0679958600831,0.0719617321958,0.184288173101,0.954177252318,0,-1.0,883
0.0478234765832,0.0255890773358,146196,0.228776454273,3,0.103609148873,0.0934689519521,0.0990595366234,0.231175955566,1.78736000419,0,-1.0,658
0.0482393588407,0.0258426759555,192708,0.0862819739056,4,0.04857106274,0.0450874605116,0.0461596354973,0.089295722025,1.82194510763,0,135.072887477,867
0.0241349338498,0.0111819180026,219240,0.0426605055798,2,0.00899545926658,0.0063422498034,0.0075665618174,0.0631362889984,0.270105866253,0,-1.0,947
0.0568653772638,0.0277570782818,180450,0.112898351404,3,0.0502130428763,0.0466519996773,0.0487800190641,0.094408423386,1.83300235226,0,-1.0,787
0.0325024638834,0.0180001114063,261885,0.174443801357,1,0.056478352333,0.0359759913828,0.0442910626948,0.157775359413,1.625369014,0,-1.0,1223
0.0235990552553,0.00977810811351,255732,0.0800098302422,4,0.00924919707268,0.0078104323812,0.00738021711106,0.0833841678007,0.193755304734,0,-1.0,1125
0.0477293016737,0.0216477738173,211560,0.11899066856,1,0.0531454119967,0.0478397846087,0.0498983023529,0.142730194744,0.866896844043,0,-1.0,966
0.0377028230269,0.0176271015933,195216,0.211757189733,1,0.0550092311898,0.0525647880686,0.0519252285145,0.203461806409,1.51214820907,0,-1.0,859
0.0377478637666,0.0110523784292,199368,0.0457380152165,4,0.0109863814984,0.0147105138281,0.00994893979592,0.0963093375065,0.101730588505,0,-1.0,846
0.0423006632895,0.0186708435746,185277,0.125833956133,2,0.0443379442242,0.0474814603799,0.0455013884206,0.136082730182,0.939664686009,0,-1.0,788
0.0496296542309,0.0249235829755,187704,0.198296701155,3,0.0649971722083,0.0680794160885,0.0663777307631,0.20062971487,1.64952545781,0,-1.0,833
0.046993590154,0.0241688847948,196344,0.134489687826,1,0.0480695688303,0.0490258584699,0.0472555134371,0.153582487878,1.7455356545,0,-1.0,875
0.0402416286279,0.0199795841704,201756,0.192143236689,1,0.0686941668309,0.0696608069202,0.0693918797408,0.2206972779,1.61952545327,0,-1.0,940
0.0181539617698,0.00836814483815,235476,0.0904173178239,2,0.00459223460727,0.00753894089334,0.00376384809285,0.135393840561,0.190780772942,0,-1.0,1037
0.0682387237455,0.0329831167222,187929,0.231404264569,1,0.0560938474862,0.0619179391586,0.0586069587808,0.135077609097,1.67209193785,0,-1.0,830
0.02927699691,0.0161140502437,191484,0.273570111066,1,0.0305542774916,0.0229628131364,0.0249327266519,0.18035449437,1.03046622576,0,-1.0,850
0.0567495804518,0.0283523628886,169455,0.159344009071,3,0.0586215817561,0.0646495057212,0.0621143282435,0.114992180815,1.64727175146,0,-1.0,746
0.0361581035828,0.0183204353017,223212,0.125780268526,2,0.00817185819342,0.0113179046655,0.00535683125992,0.0307599949823,0.855094468336,0,-1.0,966
0.0249260268991,0.0109658532561,191226,0.0885677912785,1,0.00796150567401,0.00971973858686,0.00591613780147,0.170688086348,0.656515674797,0,-1.0,846
0.038195662081,0.0201992290731,190284,0.157647146824,1,0.0331622640427,0.0266311873417,0.0278942271285,0.155924828152,1.62267682993,0,-1.0,845
0.0321484162797,0.016801626742,197505,0.180285386291,1,0.0286608934346,0.0241665313504,0.0235991192652,0.174603174603,0.811227865079,0,-1.0,879
0.0627961418096,0.0262894033857,154800,0.156139797293,3,0.0381273401553,0.0394538492375,0.0385665178563,0.102745478036,1.74748781125,0,-1.0,668
0.0628858656434,0.0251784155227,123864,0.194710724563,3,0.0759081939052,0.0751235414498,0.0792414979616,0.157681004973,1.69277486067,0,-1.0,520
0.0691695018305,0.0248297285676,194139,0.146390049624,4,0.044503052516,0.0492229183763,0.0504019818355,0.0344031853466,0.935157591319,0,-1.0,853
0.056645927851,0.0191738419172,207363,0.103026189347,3,0.0377699125714,0.0405645947103,0.0405861234419,0.0370557910524,0.972014213079,0,-1.0,895
0.0622645462851,0.0229351674206,181032,0.240288453112,1,0.061178070154,0.0666358990307,0.0672943022093,0.108803968359,1.22348194317,0,-1.0,812
0.0925235394728,0.0369823248264,167634,0.231732160721,1,0.0533686783037,0.0543640997403,0.0535416453506,0.0918966319482,1.82514498925,0,74.3643115358,726
0.0667255250527,0.0240002818549,170400,0.1586326012,2,0.0456027036217,0.0484084038656,0.0516906221032,0.0800704225352,1.15029522555,0,-1.0,763
0.0720727370109,0.0319267427752,194400,0.23316052663,3,0.0593539777872,0.0587986747933,0.0600969333175,0.14537037037,1.38766974654,0,-1.0,873
0.0718368877612,0.0236524787726,166428,0.221316626084,3,0.0579894407798,0.0599857748027,0.063861670064,0.131083711875,1.22915600517,0,-1.0,764
0.0571894069011,0.0232394208602,183600,0.242011205959,1,0.0536870190289,0.0538753815692,0.0522974830236,0.164226579521,1.21281332065,0,-1.0,823
0.0534284761962,0.0227587117105,173232,0.196062613085,1,0.0561103226453,0.0525921318027,0.0567390138327,0.131569225085,1.39386036868,0,-1.0,762
0.0772915576825,0.0272337760273,189420,0.128634679969,12,0.02580192937,0.029036328971,0.0289497868246,0.0298648505966,0.942234794772,0,-1.0,831
0.0801635861468,0.0279748836265,170313,0.228949269622,5,0.0540006825439,0.0510136677707,0.0489608708895,0.100139155555,1.64940776382,0,-1.0,746
0.083599239589,0.0298806367217,159201,0.298447199853,4,0.0657965268893,0.0640635723286,0.0634546357528,0.164201229892,2.25415218006,0,-1.0,707
0.0650193208029,0.0301959009157,162792,0.250241047965,1,0.0628368330529,0.066831849196,0.0652653800835,0.134914492113,1.32155994656,0,-1.0,724
0.0839677179386,0.0343825827812,149172,0.259054479451,1,0.0776311538756,0.0860174010762,0.0861633194062,0.150343227952,2.09463763712,0,-1.0,648
0.067150420884,0.0207270291336,188652,0.245375403797,1,0.0674616431419,0.0764559037639,0.0775299024271,0.133494476602,1.67974122112,0,-1.0,830
0.0592636601335,0.0212518346992,181653,0.194215778017,1,0.0624642617437,0.07038002,0.0708172000562,0.132318211095,1.5703226301,0,-1.0,838
0.0748122552324,0.0283306534597,192348,0.0764087664938,3,0.0276213426875,0.031328438412,0.0271120814363,0.0291450911889,1.49718165843,0,-1.0,847
0.0700066652311,0.0322410308211,201192,0.203084329699,2,0.0329539244874,0.0351995494847,0.0331980953981,0.0818720426259,1.96392544993,0,-1.0,916
0.0617058979064,0.022019123979,215064,0.124000999936,1,0.0157749404734,0.0143800595846,0.0141199417757,0.0312093144366,1.59145100027,0,-1.0,980
0.0458420502967,0.0214947682064,177906,0.180787714112,1,0.0368740632367,0.0370345969685,0.0385326245965,0.143176733781,0.700678513288,0,-1.0,789
0.0490683593785,0.0192654943416,139122,0.233385098714,1,0.0553106274305,0.0557935225957,0.0577188904658,0.164503098,0.730676456839,0,-1.0,600
0.0526396429353,0.0246570527152,161202,0.176836605892,1,0.0532353298145,0.0539202269779,0.0561003933026,0.161046389003,1.36096625299,0,-1.0,711
0.0430576890165,0.0191754229964,163167,0.205015661341,1,0.0570935447085,0.0579000693606,0.0607527390593,0.181096667831,1.36677331147,0,-1.0,705
0.0423377194692,0.0195266296694,167085,0.219002971977,1,0.0511388493444,0.051643910909,0.0539861338548,0.201083280965,1.18233179218,0,-1.0,732
0.0490298425219,0.023194167286,165966,0.18377655459,1,0.04837304266,0.0495517306061,0.0513394643428,0.153579648844,1.33769252889,0,-1.0,741
0.0422981961642,0.020160639942,166320,0.19012854087,1,0.0432492348758,0.0454013690144,0.0468102626484,0.170015632516,1.2294878721,0,-1.0,739
0.0471772782007,0.0220418653763,159594,0.208585564651,2,0.0657050313141,0.0681783214073,0.0706471549243,0.195408348685,1.46414899194,0,-1.0,702
0.0500140882888,0.0245220745946,187230,0.190656148482,1,0.0489075352284,0.050291721758,0.0524643310671,0.161592693479,0.881422330207,0,-1.0,843
0.0525881427075,0.0213089718422,171390,0.262602555997,1,0.0586829308043,0.0620422547813,0.0639498195985,0.227206954898,1.25034665174,0,-1.0,778
0.0564430284662,0.0261024296952,180141,0.187236834413,1,0.0351738205697,0.0378241170047,0.0386772918422,0.101897957711,1.38622546718,0,-1.0,794
0.0561465377157,0.021959165971,200694,0.122387681142,1,0.0380481373764,0.038013920777,0.0406462830411,0.0670323975804,0.823469000328,0,-1.0,925
0.0797829572136,0.0209329665144,174174,0.211011620433,1,0.0347900751046,0.0300799785721,0.0328472945631,0.0371410198996,1.53517677124,0,-1.0,758
0.0764405239448,0.0204971346829,171315,0.205108572741,1,0.0341079697327,0.0291357941531,0.0324853757245,0.0385021743572,1.39820815195,0,-1.0,748
0.0544006025522,0.0217979080905,177480,0.115558059106,2,0.0139549350505,0.0162690517498,0.0153914028073,0.030600631057,1.84962776484,0,-1.0,772
0.0819824237238,0.0268073705377,172872,0.35002906466,1,0.0486451889897,0.0523357897363,0.0507332821299,0.190215882271,1.79100153008,0,-1.0,805
0.0846833916471,0.0360255049718,199080,0.223353062037,1,0.0451579928723,0.0450561358917,0.0440355352507,0.061005625879,2.29025014898,0,-1.0,868
0.0481810725908,0.0223657148712,175224,0.469858197653,1,0.072450298412,0.0934025731567,0.0802161069958,0.181590421403,0.919836807919,0,-1.0,768
0.0756341682991,0.0320183016877,186987,0.231239450969,2,0.0779198595839,0.0854885974286,0.0794091875828,0.143523346543,1.8369890485,0,-1.0,845
0.0621136933767,0.0257049722534,171171,0.304450821461,3,0.0540630956648,0.0609369009848,0.055788419698,0.135624609309,1.28116390854,0,-1.0,763
0.0932112974574,0.033767859411,180846,0.219965730799,5,0.0649965415373,0.0737392898782,0.0726681176094,0.111359941608,2.07661526777,0,-1.0,830
0.0368278745436,0.0239946067805,275562,0.0702468697059,4,0.0550329671247,0.0270322594209,0.0320858852083,0.0502246318433,0.15555843847,0,-1.0,1503
0.0274209519607,0.0178828243181,241248,0.0211172656601,2,0.0158959158067,0.0105686275312,0.011630373359,0.131114040324,0.194992929554,0,-1.0,1186
0.0966140488948,0.0698547510471,96390,0.115715597294,8,0.0429785048077,0.0327424519944,0.0334298180104,0.0402531382924,1.36118246905,0,-1.0,611
0.120381067218,0.0681028725756,480000,0.460917730775,3,0.116844053867,0.125625428565,0.114180574586,0.134316666667,2.17150038752,0,55.5061,2077
0.127843314133,0.0779745684761,201600,0.210683038755,13,0.0617197516031,0.0510379313647,0.0665520149186,0.0578918650794,4.01015414093,0,-1.0,1086
0.142791185461,0.095567742901,201600,0.339976072473,24,0.0776258078082,0.0810816445096,0.0904338731835,0.104826388889,5.16383784167,0,-1.0,1100
0.0660786372187,0.0393819894294,277200,0.182791702711,2,0.107731309875,0.102832524892,0.0983557178428,0.0502128427128,0.558507455918,0,61.2097943723,1399
0.0944279928615,0.0659782582943,331776,0.156438729821,11,0.0499493839491,0.0478387408416,0.0404784045759,0.0392252604167,4.07190967587,0,-1.0,1513
0.0519929634149,0.0394833597722,256080,0.0550544242608,9,0.0237284853155,0.0197322750817,0.0200040649336,0.0215870040612,0.602610995597,0,-1.0,1389
0.0765521235646,0.0550892784213,116937,0.0377046516105,7,0.0421140066257,0.0292000991959,0.0302876929254,0.0429718566408,0.618427078199,0,-1.0,739
0.0800472950288,0.0373832215736,130500,0.0661255226075,5,0.0476678830819,0.0452085116424,0.0430235620153,0.04230651341,0.933685907599,0,47.0309425287,750
0.0858047444519,0.0573873793949,374535,0.068770321374,6,0.0558291957123,0.0441002987055,0.0463151617831,0.125480929686,4.06811199532,0,33.3286475229,1650
0.025263883158,0.016742269834,921600,0.21492576794,3,0.0681117621834,0.063080009334,0.0713508098182,0.0458745659722,0.959858433479,0,-1.0,2846
0.0574748631677,0.0387658953918,93186,0.548295382334,1,0.0624815014692,0.0921073232227,0.0759647414824,0.373371536497,0.47506663835,0,-1.0,592
0.051655640443,0.0392485913999,294912,0.0432753677651,8,0.058186937658,0.0439991926123,0.0491411722274,0.347351074219,0.0,0,30.1608174642,1584
0.0534177514346,0.0353466781159,835200,0.202713509341,11,0.0819680561074,0.0794292066744,0.0795552998526,0.0426436781609,2.62893574348,0,-1.0,3049
0.0595203454918,0.0333435206549,86190,0.244533700784,4,0.149218760314,0.139049469768,0.148151910496,0.0989673976099,0.315214516315,0,36.1247128437,554
0.0523756158502,0.0336510113449,506940,0.0428252204396,0,0.0166839102274,0.0160950961813,0.0151094956314,0.0164358701227,1.16530902302,0,-1.0,2089
0.174041950488,0.111274177699,189000,0.305780676665,1,0.0739053302071,0.0606630801061,0.0572419419296,0.0539470899471,0.195722341275,0,-1.0,1095
0.0466792685835,0.0292737215941,785232,0.0238178206172,11,0.0113281159139,0.00701952136296,0.00569019064398,0.0141334026122,2.01099790102,0,-1.0,2914
0.0519983244833,0.0328549320406,392700,0.244846484007,4,0.0607556377319,0.10421583276,0.0684522168484,0.093516679399,1.88453930949,0,95.4983040489,1748
0.144382362084,0.0718420758905,228096,0.157147026627,9,0.048304473261,0.054404387267,0.0464782568579,0.026808887486,3.40903693631,0,138.887481587,1306
0.0580919828546,0.0391700624431,180000,0.0331398021988,2,0.0121809648437,0.0124806072956,0.0102454362083,0.0268611111111,0.93755058455,0,-1.0,1055
0.0340559382699,0.0190622708672,572700,0.165979164348,4,0.0993770365452,0.0962284288521,0.0870481932182,0.274971189104,0.00250784298778,0,-1.0,2003
0.0166382346561,0.0101113312331,543375,0.00255026378819,0,0.00650956663988,0.00401601138912,0.00493716088763,0.0699148838279,0.667063159275,0,7.86597653554,2106
0.0862772561572,0.0495100870155,294840,0.333588816582,3,0.0875169329718,0.0880317740888,0.0800534345776,0.106345814679,0.960635272995,0,-1.0,1373
0.128317041483,0.0788730959116,276150,0.318742289614,4,0.0883617091444,0.0935675998776,0.0929572464031,0.042824551874,4.3149878074,0,129.71026616,1512
0.0519311771161,0.0303101707915,295260,0.159409200092,1,0.0817237857834,0.0788607835089,0.0754426144902,0.0681534918377,0.123019992667,0,54.8524283682,1396
0.0550251516607,0.0341196324921,499500,0.131280315831,10,0.0531615791356,0.0526420281861,0.0533543114163,0.0344984984985,2.08646276797,0,198.151873874,1992
0.031284448361,0.0200032612185,459540,0.0253592704051,9,0.042858788726,0.0296263311593,0.030968701839,0.572322322322,0.00392156839371,0,34.1886538713,2013
0.0626471183957,0.0402917025516,180000,0.194872016899,6,0.12434025664,0.105018018165,0.115816930432,0.145855555556,0.206109024156,0,44.1660333333,1050
0.0818568752594,0.0493169124308,379800,0.220151443975,13,0.0692439069409,0.0508855933742,0.0502737469208,0.109994734071,0.0,0,56.8272274882,1840
0.0600107304659,0.0358344931267,96000,0.0617806745369,0,0.0170206520543,0.0218183864186,0.0190190951871,0.0235520833333,0.869882840511,0,-1.0,593
0.0909079167369,0.0589330972203,499500,0.0843157385872,21,0.0345568719329,0.0347786978537,0.0274298768541,0.0351051051051,2.99875174507,0,106.706054054,1977
0.071686211648,0.0409551697945,209760,0.0774981797636,11,0.0639249620802,0.0543519303118,0.0570849267668,0.166161327231,0.246501189756,0,136.245065789,1154
0.0397037212596,0.0238299028575,921600,0.187626263337,2,0